{
  "name": "接口文档",
  "version": "0.1.0",
  "description": "apiDoc basic example",
  "title": "项目接口文档",
  "url": "http://localhost:8888/",
  "sampleUrl": "http://localhost:8888/",
  "order": [
    "模板样例",
    "人口数据",
    "经济数据",
    "基本空间数据",
    "template",
    "Demographicdata_getAll",
    "Demographicdata_getAllPaging",
    "EconomicData_classification",
    "EconomicData_subRegion",
    "GDPStatistics_getDataByTableName",
    "MainEconomicIndicatorsOfAgriculture_getDataByTableName",
    "RuralPerCapitaNetIncome_getDataByTableName",
    "BasicRuralConditions_getDataByTableName",
    "BasicSocialSituation_getDataByTableName",
    "LayerInfo_getLayerInfo"
  ],
  "defaultVersion": "0.0.0",
  "apidoc": "0.3.0",
  "generator": {
    "name": "apidoc",
    "time": "2019-11-08T10:06:10.784Z",
    "url": "http://apidocjs.com",
    "version": "0.17.7"
  }
}
